-- phpMyAdmin SQL Dump
-- version 4.7.7
-- https://www.phpmyadmin.net/
--
-- Servidor: localhost:3306
-- Tiempo de generación: 09-08-2018 a las 00:37:44
-- Versión del servidor: 5.6.39
-- Versión de PHP: 5.6.30

SET SQL_MODE = "NO_AUTO_VALUE_ON_ZERO";
SET AUTOCOMMIT = 0;
START TRANSACTION;
SET time_zone = "+00:00";


/*!40101 SET @OLD_CHARACTER_SET_CLIENT=@@CHARACTER_SET_CLIENT */;
/*!40101 SET @OLD_CHARACTER_SET_RESULTS=@@CHARACTER_SET_RESULTS */;
/*!40101 SET @OLD_COLLATION_CONNECTION=@@COLLATION_CONNECTION */;
/*!40101 SET NAMES utf8mb4 */;

--
-- Base de datos: `nomasbul_demo`
--

-- --------------------------------------------------------

--
-- Estructura de tabla para la tabla `alerta_config`
--

CREATE TABLE `alerta_config` (
  `ID` int(10) UNSIGNED NOT NULL,
  `cantidad` decimal(2,0) DEFAULT NULL,
  `rol` tinyint(1) NOT NULL
) ENGINE=InnoDB DEFAULT CHARSET=latin1;

--
-- Volcado de datos para la tabla `alerta_config`
--

INSERT INTO `alerta_config` (`ID`, `cantidad`, `rol`) VALUES
(1, '3', 1),
(2, '3', 2);

-- --------------------------------------------------------

--
-- Estructura de tabla para la tabla `comentarios`
--

CREATE TABLE `comentarios` (
  `ID` int(10) UNSIGNED NOT NULL,
  `creador` int(10) UNSIGNED NOT NULL,
  `contenido` blob,
  `fecha` datetime NOT NULL,
  `idSituacion` int(10) UNSIGNED DEFAULT NULL,
  `idPublicacion` int(10) UNSIGNED DEFAULT NULL,
  `idNotificacion` int(10) UNSIGNED DEFAULT NULL,
  `estado` tinyint(1) NOT NULL DEFAULT '0'
) ENGINE=InnoDB DEFAULT CHARSET=latin1;

--
-- Volcado de datos para la tabla `comentarios`
--

INSERT INTO `comentarios` (`ID`, `creador`, `contenido`, `fecha`, `idSituacion`, `idPublicacion`, `idNotificacion`, `estado`) VALUES
(74, 1, 0x4d6520706f6472c3ad617320636f6e746172206c6120686f726120656e206c6120717565206573746f207375636564696f3f, '2018-08-07 14:04:14', 11, NULL, NULL, 0),
(75, 1, 0x5365c3b16f72204d696775656c2c2073752068696a6f206573746120616772656469656e646f206d7563686f206120756e20616c756d6e6f2e, '2018-08-07 14:05:59', NULL, NULL, 11, 1),
(76, 1, 0x506f72206661766f72206c65207069646f207175652073652070726573656e746520656e206c612065736375656c61207061726120636861726c617220736f62726520657374652074656d612e, '2018-08-07 14:06:19', NULL, NULL, 11, 1),
(83, 1, 0x6173646173647364, '2018-08-07 15:29:32', 12, NULL, NULL, 0),
(84, 1, 0x6b73646a626620, '2018-08-07 15:56:58', 11, NULL, NULL, 0),
(85, 1, 0x64676820, '2018-08-07 15:57:08', 12, NULL, NULL, 0),
(86, 1, 0x686f6c61, '2018-08-07 16:04:36', NULL, NULL, 11, 1),
(87, 1, 0x434f4d4f204553544153, '2018-08-07 16:07:44', 13, NULL, NULL, 0),
(88, 8, 0x45737461206573206d69207265737075657374612061206c612065736375656c612e, '2018-08-07 17:12:37', NULL, NULL, 11, 1);

-- --------------------------------------------------------

--
-- Estructura de tabla para la tabla `implicados`
--

CREATE TABLE `implicados` (
  `ID` int(10) UNSIGNED NOT NULL,
  `idSituacion` int(10) UNSIGNED NOT NULL,
  `idUsuario` int(10) UNSIGNED NOT NULL,
  `rol` tinyint(1) NOT NULL
) ENGINE=InnoDB DEFAULT CHARSET=latin1;

--
-- Volcado de datos para la tabla `implicados`
--

INSERT INTO `implicados` (`ID`, `idSituacion`, `idUsuario`, `rol`) VALUES
(21, 11, 4, 1),
(22, 11, 2, 2),
(23, 12, 4, 1),
(24, 12, 2, 2),
(25, 13, 4, 1),
(26, 13, 9, 2),
(27, 14, 3, 1),
(28, 14, 4, 2),
(29, 15, 2, 1),
(30, 15, 3, 2);

-- --------------------------------------------------------

--
-- Estructura de tabla para la tabla `nacionalidad`
--

CREATE TABLE `nacionalidad` (
  `idnacionalidad` int(10) UNSIGNED NOT NULL,
  `pais` varchar(100) NOT NULL
) ENGINE=InnoDB DEFAULT CHARSET=latin1;

--
-- Volcado de datos para la tabla `nacionalidad`
--

INSERT INTO `nacionalidad` (`idnacionalidad`, `pais`) VALUES
(1, 'Argentina'),
(2, 'Chile'),
(3, 'Uruguay'),
(4, 'Colombia'),
(5, 'Venezuela');

-- --------------------------------------------------------

--
-- Estructura de tabla para la tabla `notificaciones`
--

CREATE TABLE `notificaciones` (
  `ID` int(10) UNSIGNED NOT NULL,
  `contenido` blob,
  `fecha` datetime NOT NULL DEFAULT CURRENT_TIMESTAMP,
  `rol` int(11) NOT NULL,
  `implicado` int(10) UNSIGNED NOT NULL,
  `leido` tinyint(1) NOT NULL,
  `padre` int(10) DEFAULT NULL
) ENGINE=InnoDB DEFAULT CHARSET=latin1;

--
-- Volcado de datos para la tabla `notificaciones`
--

INSERT INTO `notificaciones` (`ID`, `contenido`, `fecha`, `rol`, `implicado`, `leido`, `padre`) VALUES
(11, NULL, '2018-08-07 14:05:43', 2, 2, 0, 8);

-- --------------------------------------------------------

--
-- Estructura de tabla para la tabla `publicaciones`
--

CREATE TABLE `publicaciones` (
  `ID` int(10) UNSIGNED NOT NULL,
  `creador` int(10) UNSIGNED NOT NULL,
  `titulo` varchar(50) NOT NULL,
  `contenido` blob,
  `fecha` datetime NOT NULL,
  `idtipos` int(10) UNSIGNED NOT NULL
) ENGINE=InnoDB DEFAULT CHARSET=latin1;

--
-- Volcado de datos para la tabla `publicaciones`
--

INSERT INTO `publicaciones` (`ID`, `creador`, `titulo`, `contenido`, `fecha`, `idtipos`) VALUES
(1, 1, 'Un buen titulo de un articulo', 0x5365642075742070657273706963696174697320756e6465206f6d6e69732069737465206e61747573206572726f722073697420766f6c7570746174656d206163637573616e7469756d20646f6c6f72656d717565206c617564616e7469756d2c20746f74616d2072656d206170657269616d2c2065617175652069707361207175616520616220696c6c6f20696e76656e746f726520766572697461746973206574207175617369206172636869746563746f206265617461652076697461652064696374612073756e74206578706c696361626f2e204e656d6f20656e696d20697073616d20766f6c7570746174656d207175696120766f6c7570746173207369742061737065726e6174757220617574206f646974206175742066756769742c20736564207175696120636f6e73657175756e747572206d61676e6920646f6c6f72657320656f732071756920726174696f6e6520766f6c7570746174656d207365717569206e65736369756e742e204e6571756520706f72726f20717569737175616d206573742c2071756920646f6c6f72656d20697073756d207175696120646f6c6f722073697420616d65742c20636f6e73656374657475722c2061646970697363692076656c69742c207365642071756961206e6f6e206e756d7175616d2065697573206d6f64692074656d706f726120696e636964756e74207574206c61626f726520657420646f6c6f7265206d61676e616d20616c697175616d207175616572617420766f6c7570746174656d2e20557420656e696d206164206d696e696d612076656e69616d2c2071756973206e6f737472756d20657865726369746174696f6e656d20756c6c616d20636f72706f726973207375736369706974206c61626f72696f73616d2c206e69736920757420616c697175696420657820656120636f6d6d6f646920636f6e73657175617475723f205175697320617574656d2076656c2065756d206975726520726570726568656e64657269742071756920696e20656120766f6c7570746174652076656c69742065737365207175616d206e6968696c206d6f6c65737469616520636f6e73657175617475722c2076656c20696c6c756d2071756920646f6c6f72656d2065756d206675676961742071756f20766f6c7570746173206e756c6c612070617269617475723f, '2018-08-06 00:00:00', 1),
(2, 1, 'GRUPOS DE HABILIDADES SOCIALES', 0x4578697374656e206d616e65726173206566656374697661732070617261206163657263617273652061206c612067656e74652c20736f6e20666f726d617320646520636f6d756e696361727365207175652066756e63696f6e616e20636f6d6f20e2809c6c6c61766573e2809d2070617261206162726972206c61732070756572746173206465206c6120616d69737461642079206c6120636f6d7072656e7369c3b36e2e205365206c6c616d616e20e2809c686162696c69646164657320736f6369616c6573e2809d2c20792073692073652070726163746963616e2028636f6d6f206375616c7175696572206465706f72746529207920c3a9737461732070756564656e2061756d656e746172206c617320706f736962696c696461646573206465206d656a6f726172206c61732072656c6163696f6e65732061637475616c65732079206465206861636572206f74726173206e75657661732e0d0a4c6f7320677275706f7320646520686162696c69646164657320736f6369616c6573206170756e74616e206120666f6d656e74617220656c206465736172726f6c6c6f207920656e7472656e616d69656e746f20646520617175656c6c617320686162696c69646164657320717565206e6f732061797564616e20612072656c6163696f6e61726e6f7320636f6e206c6f732064656dc3a1732079206d656a6f726172206173c3ad206c612072656420646520616d69676f732e204164656dc3a1732c206c6f7320677275706f7320736f6e20756e61206f706f7274756e696461646573207061726120617072656e6465722079207072616374696361726c617320656e20756e20636f6e746578746f206e61747572616c20656e20646f6e646520756e2070726f666573696f6e616c20657370656369616c697a61646f2061797564612061206c6f73207061727469636970616e74657320612072656c6163696f6e617273652061736572746976616d656e74652e0d0a43616461206e69c3b16f20656e20756e20677275706f20657320756e206d6f64656c6f207669766f2070617261206c6f732064656dc3a1732c2070756564656e2070726f706f7263696f6e6172736520666565646261636b2c207265666f727a616d69656e746f2079207375676572656e6369617320656e7472652073c3ad3b20656c20696e74657263616d62696f20656e74726520656c6c6f7320707565646520636f6e7374697475697220756e2061706f796f207920756e20657374c3ad6d756c6f20726563c3ad70726f636f2e20, '2018-08-06 00:00:00', 2),
(3, 1, 'asd', 0x617364, '2018-08-06 22:34:54', 0),
(7, 1, 'Claves para detectar si tu hijo es víctima de bull', 0x5365642075742070657273706963696174697320756e6465206f6d6e69732069737465206e61747573206572726f722073697420766f6c7570746174656d206163637573616e7469756d20646f6c6f72656d717565206c617564616e7469756d2c20746f74616d2072656d206170657269616d2c2065617175652069707361207175616520616220696c6c6f20696e76656e746f726520766572697461746973206574207175617369206172636869746563746f206265617461652076697461652064696374612073756e74206578706c696361626f2e204e656d6f20656e696d20697073616d20766f6c7570746174656d207175696120766f6c7570746173207369742061737065726e6174757220617574206f646974206175742066756769742c20736564207175696120636f6e73657175756e747572206d61676e6920646f6c6f72657320656f732071756920726174696f6e6520766f6c7570746174656d207365717569206e65736369756e742e204e6571756520706f72726f20717569737175616d206573742c2071756920646f6c6f72656d20697073756d207175696120646f6c6f722073697420616d65742c20636f6e73656374657475722c2061646970697363692076656c69742c207365642071756961206e6f6e206e756d7175616d2065697573206d6f64692074656d706f726120696e636964756e74207574206c61626f726520657420646f6c6f7265206d61676e616d20616c697175616d207175616572617420766f6c7570746174656d2e20557420656e696d206164206d696e696d612076656e69616d2c2071756973206e6f737472756d20657865726369746174696f6e656d20756c6c616d20636f72706f726973207375736369706974206c61626f72696f73616d2c206e69736920757420616c697175696420657820656120636f6d6d6f646920636f6e73657175617475723f205175697320617574656d2076656c2065756d206975726520726570726568656e64657269742071756920696e20656120766f6c7570746174652076656c69742065737365207175616d206e6968696c206d6f6c65737469616520636f6e73657175617475722c2076656c20696c6c756d2071756920646f6c6f72656d2065756d206675676961742071756f20766f6c7570746173206e756c6c612070617269617475723f, '2018-08-06 23:11:17', 1),
(8, 1, 'CABA', 0x7777772e706167696e616465636162612e636f6d2e6172, '2018-08-06 23:20:21', 3),
(9, 1, 'Teléfono de ayuda (CABA)', 0x313233313233313233313233313233, '2018-08-06 23:20:33', 4),
(10, 1, 'Teléfono de contacto de la institución', 0x313233393138333931303233, '2018-08-06 23:20:43', 5),
(11, 1, 'Uno de cada cuatro chicos le tiene miedo a un comp', 0x5365642075742070657273706963696174697320756e6465206f6d6e69732069737465206e61747573206572726f722073697420766f6c7570746174656d206163637573616e7469756d20646f6c6f72656d717565206c617564616e7469756d2c20746f74616d2072656d206170657269616d2c2065617175652069707361207175616520616220696c6c6f20696e76656e746f726520766572697461746973206574207175617369206172636869746563746f206265617461652076697461652064696374612073756e74206578706c696361626f2e204e656d6f20656e696d20697073616d20766f6c7570746174656d207175696120766f6c7570746173207369742061737065726e6174757220617574206f646974206175742066756769742c20736564207175696120636f6e73657175756e747572206d61676e6920646f6c6f72657320656f732071756920726174696f6e6520766f6c7570746174656d207365717569206e65736369756e742e204e6571756520706f72726f20717569737175616d206573742c2071756920646f6c6f72656d20697073756d207175696120646f6c6f722073697420616d65742c20636f6e73656374657475722c2061646970697363692076656c69742c207365642071756961206e6f6e206e756d7175616d2065697573206d6f64692074656d706f726120696e636964756e74207574206c61626f726520657420646f6c6f7265206d61676e616d20616c697175616d207175616572617420766f6c7570746174656d2e20557420656e696d206164206d696e696d612076656e69616d2c2071756973206e6f737472756d20657865726369746174696f6e656d20756c6c616d20636f72706f726973207375736369706974206c61626f72696f73616d2c206e69736920757420616c697175696420657820656120636f6d6d6f646920636f6e73657175617475723f205175697320617574656d2076656c2065756d206975726520726570726568656e64657269742071756920696e20656120766f6c7570746174652076656c69742065737365207175616d206e6968696c206d6f6c65737469616520636f6e73657175617475722c2076656c20696c6c756d2071756920646f6c6f72656d2065756d206675676961742071756f20766f6c7570746173206e756c6c612070617269617475723f, '2018-08-07 00:42:38', 1),
(13, 1, 'Taller pedagogico', 0x45737461206573206c61206465736372697063696f6e20646520756e2074616c6c6572206461646f20706f72206c6120696e737469747563696f6e20656e20706f73206465206564756361722061206c6f7320617064726573207920646f63656e74657320792067656e746520717565206e656365736974652061797564612e, '2018-08-07 00:53:06', 2),
(14, 1, 'PSICODIAGNÓSTICO', 0x4c6120657461706120707369636f646961676ec3b3737469636120636f6e736973746520656e206c612061706c6963616369c3b36e2064652064697374696e7461732074c3a9636e696361732071756520636f6e666f726d616e20756e61206261746572c3ad61207920717565207065726d6974656e206f6274656e657220756e20646961676ec3b3737469636f2c2070726f6ec3b3737469636f207920756e612064697265636369c3b36e2064656c2074726174616d69656e746f20707369636f6cc3b36769636f2e20457320656c207072696d6572207061736f207061726120656c2061626f7264616a6520707369636f7465726170c3a9757469636f2079207065726d6974652074656e657220756e61206576616c75616369c3b36e20efac8161626c65206465206c6f7320726573756c7461646f7320686163696120656c20efac816e616c2064656c2070726f6365736f2e, '2018-08-07 00:53:11', 2),
(15, 1, 'ORIENTACIÓN A PADRES ', 0x536162656d6f7320717565206375616e646f20756e206e69c3b16f2f61646f6c657363656e74652065732076696374696d697a61646f20706f722073757320636f6d7061c3b165726f732c20746f6461206c612066616d696c69612073652076652061666563746164612e204c6f73207061647265732070756564656e2073656e7469727365206d757920616e677573746961646f732c20616e73696f736f73207920656e206f636173696f6e657320636f6e66756e6469646f7320736f627265207175c3a9206f637572726520792063c3b36d6f20696e74657276656e69722e0d0a506f722065736f2c2064657364652045717569706f2041424120636f6e74616d6f7320636f6e20756e206573706163696f206465206f7269656e74616369c3b36e20612070616472657320636f6e2070726f666573696f6e616c657320657370656369616c697a61646f73206120efac816e2064652061636f6d7061c3b161722061206c612066616d696c696120647572616e746520656c2070726f6365736f206272696e64616e646f20756e20617365736f72616d69656e746f20706572736f6e616c697a61646f2079206163657263616e646f206573747261746567696173206573706563c3adefac81636173207061726120696e74657276656e69722074616e746f20636f6e20656c206e69c3b16f20636f6d6f20636f6e206c612065736375656c612e, '2018-08-07 00:53:15', 2),
(16, 1, 'Bullying, comienzan a detectar casos a edades cada', 0x55742070657273706963696174697320756e6465206f6d6e69732069737465206e61747573206572726f722073697420766f6c7570746174656d206163637573616e7469756d20646f6c6f72656d717565206c617564616e7469756d2c20746f74616d2072656d206170657269616d2c2065617175652069707361207175616520616220696c6c6f20696e76656e746f726520766572697461746973206574207175617369206172636869746563746f206265617461652076697461652064696374612073756e74206578706c696361626f2e204e656d6f20656e696d20697073616d20766f6c7570746174656d207175696120766f6c7570746173207369742061737065726e6174757220617574206f646974206175742066756769742c20736564207175696120636f6e73657175756e747572206d61676e6920646f6c6f72657320656f732071756920726174696f6e6520766f6c7570746174656d207365717569206e65736369756e742e204e6571756520706f72726f20717569737175616d206573742c2071756920646f6c6f72656d20697073756d207175696120646f6c6f722073697420616d65742c20636f6e73656374657475722c2061646970697363692076656c69742c207365642071756961206e6f6e206e756d7175616d2065697573206d6f64692074656d706f726120696e636964756e74207574206c61626f726520657420646f6c6f7265206d61676e616d20616c697175616d207175616572617420766f6c7570746174656d2e20557420656e696d206164206d696e696d612076656e69616d2c2071756973206e6f737472756d20657865726369746174696f6e656d20756c6c616d20636f72706f726973207375736369706974206c61626f72696f73616d2c206e69736920757420616c697175696420657820656120636f6d6d6f646920636f6e73657175617475723f205175697320617574656d2076656c2065756d206975726520726570726568656e64657269742071756920696e20656120766f6c7570746174652076656c69742065737365207175616d206e6968696c206d6f6c65737469616520636f6e73657175617475722c2076656c20696c6c756d2071756920646f6c6f72656d2065756d206675676961742071756f20766f6c7570746173206e756c6c612070617269617475723f, '2018-08-07 01:31:02', 1),
(17, 1, 'Equipo ABA | Anti Bullying Argentina', 0x7777772e65717569706f6162612e636f6d2e61722f65736375656c61732f, '2018-08-07 13:36:59', 3);

-- --------------------------------------------------------

--
-- Estructura de tabla para la tabla `situaciones`
--

CREATE TABLE `situaciones` (
  `ID` int(10) UNSIGNED NOT NULL,
  `denunciante` int(10) UNSIGNED NOT NULL,
  `titulo` varchar(50) NOT NULL,
  `descripcion` blob NOT NULL,
  `fecha_creacion` datetime NOT NULL,
  `nivel_situacion` varchar(50) NOT NULL,
  `estatus` tinyint(1) DEFAULT '0'
) ENGINE=InnoDB DEFAULT CHARSET=latin1;

--
-- Volcado de datos para la tabla `situaciones`
--

INSERT INTO `situaciones` (`ID`, `denunciante`, `titulo`, `descripcion`, `fecha_creacion`, `nivel_situacion`, `estatus`) VALUES
(11, 4, 'Me pegaron en el recreo', 0x4d6520706567c3b32044616e6920706f7220717565206e6f206c652067757374616261206d692063617261, '2018-08-07 14:03:37', 'alto', 1),
(12, 4, 'Me insultaron en el aula', 0x4f7472612076657a2044616e69206d65206167726564696f2c20657374612076657a206d652064696a6f207175652065726120756e20c2b7242625c2b72528, '2018-08-07 14:04:48', 'medio', 1),
(13, 1, 'asdasd asdas d', 0x61207364617320646173646173617364, '2018-08-07 16:07:23', 'medio', 1),
(14, 1, 'ESTO ES UNA SITUACIÓN', 0x454446445620, '2018-08-07 16:08:08', 'medio', 1),
(15, 8, 'Peleas afuera de la escuela', 0x53652072756d6f72656120717565206c6f7320616c756d6e6f73206d656e63696f6e61646f732073652076616e20612070656c65617220746f646f73206c6f732064c3ad617320656e20656c20627572677565722064656c20706173656f206c6120706c617a61, '2018-08-07 17:16:14', 'medio', 0);

-- --------------------------------------------------------

--
-- Estructura de tabla para la tabla `sit_has_padre`
--

CREATE TABLE `sit_has_padre` (
  `id` int(11) NOT NULL,
  `usuarios_ID` int(10) UNSIGNED NOT NULL,
  `notificaciones_ID` int(10) UNSIGNED NOT NULL
) ENGINE=InnoDB DEFAULT CHARSET=latin1;

-- --------------------------------------------------------

--
-- Estructura de tabla para la tabla `temporal`
--

CREATE TABLE `temporal` (
  `id` int(10) UNSIGNED NOT NULL,
  `idusuario` int(10) UNSIGNED NOT NULL,
  `password` varchar(255) NOT NULL
) ENGINE=InnoDB DEFAULT CHARSET=latin1;

--
-- Volcado de datos para la tabla `temporal`
--

INSERT INTO `temporal` (`id`, `idusuario`, `password`) VALUES
(13, 2, '$2y$10$r0oarfLKzCF2.q9FcqmgauolWIrzGIGxdxIoUIeoVqh.2FD8zJ9dC');

-- --------------------------------------------------------

--
-- Estructura de tabla para la tabla `tipos`
--

CREATE TABLE `tipos` (
  `idtipos` int(10) UNSIGNED NOT NULL,
  `nombre` varchar(45) NOT NULL
) ENGINE=InnoDB DEFAULT CHARSET=latin1;

--
-- Volcado de datos para la tabla `tipos`
--

INSERT INTO `tipos` (`idtipos`, `nombre`) VALUES
(1, 'tipo1'),
(2, 'tipo2');

-- --------------------------------------------------------

--
-- Estructura de tabla para la tabla `usuarios`
--

CREATE TABLE `usuarios` (
  `ID` int(10) UNSIGNED NOT NULL,
  `nombre` varchar(45) NOT NULL,
  `apellido` varchar(45) NOT NULL,
  `tipo` int(11) NOT NULL,
  `password` varchar(255) NOT NULL,
  `mail` varchar(100) NOT NULL,
  `identificacion` int(11) NOT NULL,
  `idnacionalidad` int(10) UNSIGNED NOT NULL,
  `edad` int(10) UNSIGNED NOT NULL,
  `grado` varchar(50) NOT NULL,
  `sexo` varchar(50) NOT NULL
) ENGINE=InnoDB DEFAULT CHARSET=latin1;

--
-- Volcado de datos para la tabla `usuarios`
--

INSERT INTO `usuarios` (`ID`, `nombre`, `apellido`, `tipo`, `password`, `mail`, `identificacion`, `idnacionalidad`, `edad`, `grado`, `sexo`) VALUES
(1, 'Instituto', 'IEA', 1, '$2y$10$ExZat0Q2NXeLDyHD367UZOPDttrKUi65E9v6swMn68g9OHnZLV6bu', 'nicolas.galano@gmail.com', 34000001, 1, 30, 'Administrador', 'Masculino'),
(2, 'Daniel', 'Alvez', 2, '$2y$10$EyeQR9ko/EQyJwwX4brne.WzfU0rQ9cY4Hfpkm2GwAg/cjF1TMpPa', 'pedagogia@institucion.com', 34000002, 2, 7, 'Segundo', 'Masculino'),
(3, 'Carolina', 'Herrera', 2, '$2y$10$NsLs4LneXBxGcQW9ATikMucnwbSsk4X4Pmwjdjzs1FWehjzeumgk6', 'docente1@institucion.com', 34000003, 1, 8, 'Tercero', 'Femenino'),
(4, 'Elias', 'Fernandez', 2, '$2y$10$kocuCHiCuwwNHltS8cK0n.8grNO/pcuuAQv/huBijaLHrmf825nPm', 'padre1@institucion.com', 34000004, 1, 7, 'Segundo', 'Masculino'),
(5, 'Marcelo', 'Gallardo', 2, '$2y$10$kocuCHiCuwwNHltS8cK0n.8grNO/pcuuAQv/huBijaLHrmf825nPm', 'marcelo.gallardo@institucion.com', 34000005, 1, 9, 'Cuarto', 'Masculino'),
(7, 'Tito', 'Fuentes', 3, '$2y$10$tMihCa9YnEHleezr/Boe8uxQzetv1pvA1tLE0XaJNJfE4NBPQVoQq', 'tito@instituto.com', 13456765, 1, 34000001, 'Tercero', 'Masculino'),
(8, 'Miguel Angel', 'Larusso', 3, '$2y$10$WEbbNDtbcKLoQDaFcFdf1eXDVV34cK/sPAlIqVmeRGZaqfZ2ANG/e', 'no-mail', 11234765, 1, 55, 'Primero', 'Masculino'),
(9, 'Manuela', 'Barriga', 2, '$2y$10$R8szUNn8bzQeZu2UVLjVsOXdVIoYOkG78.wCpshz3Jn3jZWhnrAee', 'no-mail', 34181973, 1, 8, 'Quinto', 'Femenino');

--
-- Índices para tablas volcadas
--

--
-- Indices de la tabla `alerta_config`
--
ALTER TABLE `alerta_config`
  ADD PRIMARY KEY (`ID`),
  ADD UNIQUE KEY `ID_UNIQUE` (`ID`);

--
-- Indices de la tabla `comentarios`
--
ALTER TABLE `comentarios`
  ADD PRIMARY KEY (`ID`),
  ADD UNIQUE KEY `idcomentarios_UNIQUE` (`ID`),
  ADD KEY `fk_comentarios_situaciones1_idx` (`idSituacion`),
  ADD KEY `fk_comentarios_usuarios1_idx` (`creador`),
  ADD KEY `fk_comentarios_publicaciones1_idx` (`idPublicacion`),
  ADD KEY `fk_comentarios_notificaciones1` (`idNotificacion`);

--
-- Indices de la tabla `implicados`
--
ALTER TABLE `implicados`
  ADD PRIMARY KEY (`ID`,`idSituacion`,`idUsuario`),
  ADD UNIQUE KEY `ID_UNIQUE` (`ID`),
  ADD KEY `fk_situaciones_has_usuarios_usuarios2_idx` (`idUsuario`),
  ADD KEY `fk_situaciones_has_usuarios_situaciones1_idx` (`idSituacion`);

--
-- Indices de la tabla `nacionalidad`
--
ALTER TABLE `nacionalidad`
  ADD PRIMARY KEY (`idnacionalidad`),
  ADD UNIQUE KEY `idnacionalidad_UNIQUE` (`idnacionalidad`);

--
-- Indices de la tabla `notificaciones`
--
ALTER TABLE `notificaciones`
  ADD PRIMARY KEY (`ID`),
  ADD UNIQUE KEY `ID_UNIQUE` (`ID`),
  ADD KEY `fk_notificaciones_usuarios1_idx` (`implicado`);

--
-- Indices de la tabla `publicaciones`
--
ALTER TABLE `publicaciones`
  ADD PRIMARY KEY (`ID`),
  ADD UNIQUE KEY `ID_UNIQUE` (`ID`),
  ADD KEY `fk_publicaciones_usuarios1_idx` (`creador`),
  ADD KEY `fk_publicaciones_tipos1_idx` (`idtipos`);

--
-- Indices de la tabla `situaciones`
--
ALTER TABLE `situaciones`
  ADD PRIMARY KEY (`ID`),
  ADD UNIQUE KEY `idsituaciones_UNIQUE` (`ID`),
  ADD KEY `fk_situaciones_usuarios1_idx` (`denunciante`);

--
-- Indices de la tabla `sit_has_padre`
--
ALTER TABLE `sit_has_padre`
  ADD PRIMARY KEY (`usuarios_ID`,`notificaciones_ID`,`id`),
  ADD KEY `fk_usuarios_has_notificaciones_notificaciones1_idx` (`notificaciones_ID`),
  ADD KEY `fk_usuarios_has_notificaciones_usuarios1_idx` (`usuarios_ID`);

--
-- Indices de la tabla `temporal`
--
ALTER TABLE `temporal`
  ADD PRIMARY KEY (`id`),
  ADD UNIQUE KEY `ID_UNIQUE` (`id`);

--
-- Indices de la tabla `tipos`
--
ALTER TABLE `tipos`
  ADD PRIMARY KEY (`idtipos`),
  ADD UNIQUE KEY `idtipos_UNIQUE` (`idtipos`);

--
-- Indices de la tabla `usuarios`
--
ALTER TABLE `usuarios`
  ADD PRIMARY KEY (`ID`),
  ADD UNIQUE KEY `idusuarios_UNIQUE` (`ID`),
  ADD KEY `fk_usuarios_nacionalidad1_idx` (`idnacionalidad`);

--
-- AUTO_INCREMENT de las tablas volcadas
--

--
-- AUTO_INCREMENT de la tabla `alerta_config`
--
ALTER TABLE `alerta_config`
  MODIFY `ID` int(10) UNSIGNED NOT NULL AUTO_INCREMENT, AUTO_INCREMENT=3;

--
-- AUTO_INCREMENT de la tabla `comentarios`
--
ALTER TABLE `comentarios`
  MODIFY `ID` int(10) UNSIGNED NOT NULL AUTO_INCREMENT, AUTO_INCREMENT=89;

--
-- AUTO_INCREMENT de la tabla `implicados`
--
ALTER TABLE `implicados`
  MODIFY `ID` int(10) UNSIGNED NOT NULL AUTO_INCREMENT, AUTO_INCREMENT=31;

--
-- AUTO_INCREMENT de la tabla `nacionalidad`
--
ALTER TABLE `nacionalidad`
  MODIFY `idnacionalidad` int(10) UNSIGNED NOT NULL AUTO_INCREMENT, AUTO_INCREMENT=6;

--
-- AUTO_INCREMENT de la tabla `notificaciones`
--
ALTER TABLE `notificaciones`
  MODIFY `ID` int(10) UNSIGNED NOT NULL AUTO_INCREMENT, AUTO_INCREMENT=12;

--
-- AUTO_INCREMENT de la tabla `publicaciones`
--
ALTER TABLE `publicaciones`
  MODIFY `ID` int(10) UNSIGNED NOT NULL AUTO_INCREMENT, AUTO_INCREMENT=22;

--
-- AUTO_INCREMENT de la tabla `situaciones`
--
ALTER TABLE `situaciones`
  MODIFY `ID` int(10) UNSIGNED NOT NULL AUTO_INCREMENT, AUTO_INCREMENT=16;

--
-- AUTO_INCREMENT de la tabla `temporal`
--
ALTER TABLE `temporal`
  MODIFY `id` int(10) UNSIGNED NOT NULL AUTO_INCREMENT, AUTO_INCREMENT=19;

--
-- AUTO_INCREMENT de la tabla `tipos`
--
ALTER TABLE `tipos`
  MODIFY `idtipos` int(10) UNSIGNED NOT NULL AUTO_INCREMENT, AUTO_INCREMENT=3;

--
-- AUTO_INCREMENT de la tabla `usuarios`
--
ALTER TABLE `usuarios`
  MODIFY `ID` int(10) UNSIGNED NOT NULL AUTO_INCREMENT, AUTO_INCREMENT=12;

--
-- Restricciones para tablas volcadas
--

--
-- Filtros para la tabla `comentarios`
--
ALTER TABLE `comentarios`
  ADD CONSTRAINT `fk_comentarios_notificaciones1` FOREIGN KEY (`idNotificacion`) REFERENCES `notificaciones` (`ID`) ON DELETE NO ACTION ON UPDATE NO ACTION,
  ADD CONSTRAINT `fk_comentarios_publicaciones1` FOREIGN KEY (`idPublicacion`) REFERENCES `publicaciones` (`ID`) ON DELETE NO ACTION ON UPDATE NO ACTION,
  ADD CONSTRAINT `fk_comentarios_situaciones1` FOREIGN KEY (`idSituacion`) REFERENCES `situaciones` (`ID`) ON DELETE NO ACTION ON UPDATE NO ACTION,
  ADD CONSTRAINT `fk_comentarios_usuarios1` FOREIGN KEY (`creador`) REFERENCES `usuarios` (`ID`) ON DELETE NO ACTION ON UPDATE NO ACTION;

--
-- Filtros para la tabla `implicados`
--
ALTER TABLE `implicados`
  ADD CONSTRAINT `fk_situaciones_has_usuarios_situaciones1` FOREIGN KEY (`idSituacion`) REFERENCES `situaciones` (`ID`) ON DELETE NO ACTION ON UPDATE NO ACTION,
  ADD CONSTRAINT `fk_situaciones_has_usuarios_usuarios2` FOREIGN KEY (`idUsuario`) REFERENCES `usuarios` (`ID`) ON DELETE NO ACTION ON UPDATE NO ACTION;

--
-- Filtros para la tabla `notificaciones`
--
ALTER TABLE `notificaciones`
  ADD CONSTRAINT `fk_notificaciones_usuarios1` FOREIGN KEY (`implicado`) REFERENCES `usuarios` (`ID`) ON DELETE NO ACTION ON UPDATE NO ACTION;

--
-- Filtros para la tabla `usuarios`
--
ALTER TABLE `usuarios`
  ADD CONSTRAINT `fk_usuarios_nacionalidad1` FOREIGN KEY (`idnacionalidad`) REFERENCES `nacionalidad` (`idnacionalidad`) ON DELETE NO ACTION ON UPDATE NO ACTION;
COMMIT;

/*!40101 SET CHARACTER_SET_CLIENT=@OLD_CHARACTER_SET_CLIENT */;
/*!40101 SET CHARACTER_SET_RESULTS=@OLD_CHARACTER_SET_RESULTS */;
/*!40101 SET COLLATION_CONNECTION=@OLD_COLLATION_CONNECTION */;
